Latitudine,Longitudine,Tipologia,Nome
40.4399851,-3.64291769999999,Università,Academia Kumon
40.453133,-3.68442379999999,Università,Centro Universitario de Ciencias de la Salud San Rafael Nebrija
40.3864236,-3.74965789999999,Università,Centro Universitario de la Defensa
40.4959921,-3.70197999999999,Università,Centro de Enseñanza Superior Villanueva
40.4295547999999,-3.71339839999999,Università,Centro de Estudios Hispánicos
40.4801446,-3.36471149999999,Università,Colegio menor San José de Caracciolos
40.4413136,-3.70127259999999,Università,ESDIP - Escuela de Arte
40.4587817,-3.6753648,Università,ESERP Madrid Business School
40.4244705999999,-3.70730199999999,Università,Escuela Superior de Canto de Madrid
40.4483858999999,-3.7258612,Università,Facultad de Biológicas
40.5454203,-3.6951618,Università,Facultad de Ciencias
40.5449246,-3.69660589999999,Università,Facultad de Ciencias Económicas y Empresariales
40.450462,-3.71777809999999,Università,Facultad de Educación
40.4433087999999,-3.72472359999999,Università,"Facultad de Enfermería, Fisioterapia y Podología"
40.5442248,-3.6985621,Università,Facultad de Filosofía y Letras
40.4482367999999,-3.72382919999999,Università,Facultad de Forestales
40.4487968999999,-3.7379546,Università,Facultad de Veterinaria
40.4308971999999,-3.7908094,Università,Facultades De Políticas Y Sociología
40.4777127999999,-3.68943999999999,Università,IE University
40.428739,-3.71430829999999,Università,Instituto Universitario General Gutiérrez Mellado (UNED)
40.4186726,-3.69068759999999,Università,Instituto de Estudios Bursátiles
40.4487080999999,-3.7280915,Università,La Universidad Complutense a Alfonso XII
40.3229593,-3.7273094,Università,Las Margaritas Universidad
40.545354,-3.69325679999999,Università,Malebolge
40.4352006,-3.7005742,Università,Mississippi
40.5887225,-4.15037629999999,Università,Real Centro Universitario Escorial - María Cristina (UCM)
40.4486156999999,-3.719125,Università,Rectorado de la Universidad Politécnica de Madrid
40.4398598,-3.7362438,Università,Residencia INEF
40.6006142999999,-3.94952479999999,Università,Universidad Antonio de Nebrija - Campus de La Berzosa
40.5891469,-4.15125679999999,Università,Universidad María Cristina
40.4291055999999,-3.71368859999999,Università,Universidad Nebrija - Campus de Madrid-Princesa
40.5540615999999,-3.68349299999999,Università,Universidad Pontificia de Comillas
40.5542238,-3.63274359999999,Università,Universidad Popular Ss De Los Reyes-Cea
40.4271892,-3.71864069999999,Università,Universidad Rey Juan Carlos
40.4795749,-3.36060369999999,Università,universidad de Alcalá
40.480352,-3.7068876,Supermarket,Alcampo
40.4851314,-3.6849356,Supermarket,Mercadona
40.4853707,-3.6902063,Supermarket,Dia
40.4471184,-3.7119678,Supermarket,Dia
40.4873888,-3.6898562,Supermarket,Frutería
40.4864013,-3.6887967,Supermarket,M-KOR
40.4865081,-3.6893842,Supermarket,"Supermercado ""GAMA"""
40.4869532,-3.6903694,Supermarket,Frutos secos
40.4110206,-3.6947372,Supermarket,Chinos
40.4129105,-3.6953446,Supermarket,Dia
40.4036812,-3.7012155,Supermarket,La Sirena
40.4028283,-3.696878,Supermarket,Mercadona
40.4343031,-3.8062873,Supermarket,La Plaza de DIA
40.4337478,-3.805326,Supermarket,Molinaseca
40.4563958,-3.6178172,Supermarket,Hipercor
40.4447687,-3.6341303,Supermarket,La Plaza de DIA
40.433958,-3.798295,Supermarket,Supersol
40.4512825,-3.7849937,Supermarket,Molinaseca
40.4769606,-3.8531132,Supermarket,Supersol
40.5044401,-3.6768216,Supermarket,Dia
40.3863802,-3.7643136,Supermarket,Carrefour
40.4403051,-3.8996511,Supermarket,Supermercado Las Lomas
40.413668,-3.8981409,Supermarket,La Plaza de DIA
40.3998038,-3.8973887,Supermarket,Dia
40.5065419,-3.6758292,Supermarket,Ahorramás
40.5476819,-3.6531771,Supermarket,Hiper Usera
40.3158644,-3.7356711,Supermarket,Mercadona
40.3161279,-3.735438,Supermarket,ALDI
40.6021936,-3.7145294,Supermarket,Supercor
40.4037012,-3.7078934,Supermarket,Ahorramás
40.3991563,-3.7081825,Supermarket,Dia
40.3948613,-3.6958532,Supermarket,Prima Prix
40.4519859,-3.8685624,Supermarket,Carrefour
40.4561572,-3.8672767,Supermarket,Aldi
40.4432086,-3.6528964,Supermarket,Supersol
40.4605988,-3.8660486,Supermarket,Dia
40.3316298,-3.8560718,Supermarket,Mercadona
40.4409269,-3.6427108,Supermarket,Ahorramás
40.433327,-3.6751848,Supermarket,Dia
40.4403489,-3.662539,Supermarket,Dia
40.5086873,-3.6451412,Supermarket,Caprabo
40.5041349,-3.7032844,Supermarket,Alcampo
40.4547104,-3.6718806,Supermarket,La Plaza de DIA
40.4432275,-3.7139966,Supermarket,Supersol
40.4558202,-3.7003498,Supermarket,Mercadona
40.5078343,-3.6712871,Supermarket,Ahorramás
40.4811317,-3.6665575,Supermarket,La Sirena
40.3517528,-3.7065794,Supermarket,Hiper Usera
40.4715931,-3.5793975,Supermarket,Dia
40.4492643,-3.4698921,Supermarket,Mercadona
40.3998299,-3.8968652,Supermarket,Mercadona
40.4488228,-3.6763271,Supermarket,Condis
40.4584621,-3.4572061,Supermarket,Mercadona
40.3166791,-3.8728702,Supermarket,Eroski
40.53452,-3.6370272,Supermarket,Alcampo
40.3282644,-3.7616662,Supermarket,Ahorramás
40.3310418,-3.7700778,Supermarket,Simply Market
40.4241504,-3.7249779,Supermarket,El Vergel
40.4125936,-3.7045819,Supermarket,Lidl
40.4083576,-3.7010047,Supermarket,Carrefour Market
40.4254413,-3.714542,Supermarket,Dia
40.4204325,-3.6980433,Supermarket,Dia
40.3366023,-3.7686687,Supermarket,La Plaza de DIA
40.4094437,-3.8801027,Supermarket,Ahorra Más
40.4771203,-3.6438478,Supermarket,Supermercado Barreiros
40.3857014,-3.7387056,Supermarket,Hipercor
40.3490874,-3.8089186,Supermarket,Simply Market
40.4460399,-3.6709741,Supermarket,La Sirena
40.444864,-3.6685948,Supermarket,Supercor
40.4452667,-3.6676319,Supermarket,Ahorramás
40.4462628,-3.664764,Supermarket,Unide
40.4458832,-3.6664377,Supermarket,Sánchez Romero
40.4046746,-3.6083368,Supermarket,Ahorramás
40.4042089,-3.6055366,Supermarket,Ahorramás
40.33175,-3.8856943,Supermarket,Lidl
40.403152,-3.6930239,Supermarket,Lidl
40.5109016,-3.6897557,Supermarket,Alcampo
40.4718405,-3.7080787,Supermarket,Mercadona
40.4716981,-3.7096168,Supermarket,Carrefour Market
40.3641411,-3.7361017,Supermarket,Lidl
40.4577322,-3.7017731,Supermarket,Supercor
40.4245711,-3.6542802,Supermarket,Ahorramás
40.3898446,-3.4839689,Supermarket,Supermercados Plaza
40.3955645,-3.4840225,Supermarket,Ahorramás
40.45797,-3.4535054,Supermarket,Ahorramás
40.475265,-3.4820266,Supermarket,Alcampo
40.4443653,-3.4628843,Supermarket,Mercadona
40.4483663,-3.467351,Supermarket,Lidl
40.4455819,-3.4628882,Supermarket,Unicor
40.6143693,-3.7074777,Supermarket,Aldi
40.4470595,-3.4605838,Supermarket,Ahorramás
40.4490813,-3.4707163,Supermarket,Mercadona
40.4171298,-3.5233973,Supermarket,La Plaza de DIA
40.4677058,-3.8716854,Supermarket,Ahorramás
40.4036977,-3.7083683,Supermarket,Carrefour Market
40.4046876,-3.7062622,Supermarket,Mercadona
40.4596891,-3.6961918,Supermarket,Dia
40.5055402,-3.8924138,Supermarket,Mercadona
40.349038,-3.8267642,Supermarket,Hiper Usera
40.4346742,-3.8128634,Supermarket,Dia
40.4337755,-3.6733457,Supermarket,La Plaza de DIA
40.4363439,-3.6759793,Supermarket,Dia
40.4447998,-3.6762732,Supermarket,Ahorramás
40.434222,-3.6737037,Supermarket,ALDI
40.4304838,-3.7087762,Supermarket,Supercor
40.4058129,-3.7079461,Supermarket,Dia
40.4122872,-3.7012279,Supermarket,Dia
40.345143,-3.8331018,Supermarket,Ahorramás
40.3456249,-3.8283344,Supermarket,Dia
40.3474669,-3.8284479,Supermarket,Eroski
40.3483603,-3.8320047,Supermarket,Ahorramás
40.3472026,-3.8319998,Supermarket,Dia
40.344606,-3.8237251,Supermarket,Eroski
40.3517688,-3.8286444,Supermarket,Condis
40.3433815,-3.8303392,Supermarket,Mundoprecio
40.348684,-3.8259219,Supermarket,Eroski
40.3261037,-3.7205366,Supermarket,Carrefour
40.3479992,-3.8273205,Supermarket,Dia
40.3459432,-3.8263651,Supermarket,Dia
40.3496624,-3.824041,Supermarket,Eroski
40.4758295,-3.6654539,Supermarket,Dia
40.4752935,-3.6647201,Supermarket,Supersol
40.3495846,-3.8232747,Supermarket,Dia
40.3870009,-3.7126772,Supermarket,Ahorramás
40.4672274,-3.876292,Supermarket,Mercadona
40.4022712,-3.700676,Supermarket,Supermercado Hiper Usera
40.4039041,-3.7143945,Supermarket,Supermercado Eco-Mor
40.4042388,-3.7120734,Supermarket,Supercor
40.3990274,-3.7028284,Supermarket,Alcampo
40.3712496,-3.6951172,Supermarket,Lidl
40.3719903,-3.6950556,Supermarket,Mercadona
40.4220427,-3.69745,Supermarket,Supercor
40.4658807,-3.6316252,Supermarket,Ahorramás
40.4586179,-3.4475865,Supermarket,Ahorra Más
40.4728044,-3.6510263,Supermarket,Dia
40.3457515,-3.8172137,Supermarket,Ahorramás
40.3444922,-3.8168221,Supermarket,Dia
40.5407781,-3.4652627,Supermarket,Mercadona
40.5420692,-3.4632365,Supermarket,Maxi Dia
40.5413419,-3.462615,Supermarket,Alcampo
40.4530294,-3.5909362,Supermarket,Dia
40.433948,-3.6829667,Supermarket,Dia
40.4342625,-3.6795813,Supermarket,La Sirena
40.4341178,-3.677797,Supermarket,La Plaza de DIA
40.402624,-3.6793977,Supermarket,Dia
40.4556469,-3.4837959,Supermarket,Maxi Dia
40.3119249,-3.7166906,Supermarket,Ahorramás
40.5474632,-3.6342391,Supermarket,Mercadona
40.4299709,-3.6742163,Supermarket,Supersol
40.4317711,-3.7096533,Supermarket,Lidl
40.4370092,-3.7099635,Supermarket,Lidl
40.4004807,-3.712361,Supermarket,Mercadona
40.387505,-3.7440111,Supermarket,Ahorramás
40.4368215,-3.7143394,Supermarket,Dia Market
40.3990373,-3.604113,Supermarket,Casa Elías
40.418134,-3.6218844,Supermarket,Carrefour
40.3289794,-3.8668702,Supermarket,Cash Ecofamilia
40.3937817,-3.7070344,Supermarket,Dia & Go
40.4058561,-3.753141,Supermarket,Dia
40.3946745,-3.7677234,Supermarket,Carrefour Market
40.4121117,-3.7332957,Supermarket,Dia
40.4079921,-3.6368665,Supermarket,Condis
40.3730833,-3.7737616,Supermarket,Mercadona
40.340396,-3.5188168,Supermarket,Dia
40.4063576,-3.6060502,Supermarket,Dia Market
40.57911,-3.9541805,Supermarket,Supersol
40.4499467,-3.4711392,Supermarket,Carrefour
40.4101594,-3.7389681,Supermarket,Dia
40.3404658,-3.7340871,Supermarket,Alcampo
40.3747233,-3.620216,Supermarket,Ahorramás
40.4491903,-3.4678182,Supermarket,Herbolario Rosi
40.5681576,-3.9205423,Supermarket,Alcampo
40.4279807,-3.6161401,Supermarket,Ahorramás
40.4033085,-3.7138339,Supermarket,Supermercado Montepinos
40.410441,-3.7278281,Supermarket,Dia
40.4433395,-3.7033083,Supermarket,Simply Market
40.4316302,-3.7108444,Supermarket,Robin&Co Food Market
40.4572214,-3.4710539,Supermarket,Lidl
40.4596729,-3.4601717,Supermarket,Ahorramás
40.5514691,-3.8955278,Supermarket,Carrefour Market
40.424502,-3.7095008,Supermarket,Suma
40.3989129,-3.7677557,Supermarket,Covirán
40.3370637,-3.5179572,Supermarket,Ahorramás
40.4708787,-3.6500063,Supermarket,Galerías El Pinar
40.4703767,-3.6475172,Supermarket,Dia
40.3579958,-3.6941053,Supermarket,Dia
40.3578461,-3.6897743,Supermarket,Condis
40.3531946,-3.6912689,Supermarket,Ahorramás
40.4556258,-3.6931389,Supermarket,Carrefour
40.3313045,-3.8641625,Supermarket,Dia
40.4570586,-3.7035106,Supermarket,Mercadona
40.4543723,-3.6960623,Supermarket,Dia Market
40.3995766,-3.6720906,Supermarket,Ahorramás
40.4752543,-3.5808065,Supermarket,Ahorramás
40.3503296,-3.8263681,Supermarket,Dia Market
40.333657,-3.8621688,Supermarket,Carrefour Express
40.4974707,-3.6611121,Supermarket,Hipercor
40.4386573,-3.613891,Supermarket,La Plaza de DIA
40.4387757,-3.6139661,Supermarket,Lidl
40.4869762,-3.7174323,Supermarket,Dia
40.4447796,-3.8092429,Supermarket,Simply Market
40.4468717,-3.5865153,Supermarket,Mercadona
40.6054221,-3.7173477,Supermarket,Dia
40.3158804,-3.8505156,Supermarket,Mercadona
40.4264314,-3.5267074,Supermarket,La Plaza de DIA
40.368686,-3.4845376,Supermarket,Dia
40.3896366,-3.7353538,Supermarket,Mercadona
40.5994339,-3.7161193,Supermarket,Mercadona
40.367547,-3.4874042,Supermarket,Super Hermanos Gómez
40.4156986,-3.6755879,Supermarket,La Plaza de DIA
40.4159181,-3.6757313,Supermarket,Dia & Go
40.3729408,-3.6194482,Supermarket,Ahorramás
40.4185005,-3.6773828,Supermarket,Dia
40.4706725,-3.7196336,Supermarket,Suma
40.469617,-3.7218049,Supermarket,Unide
40.4681653,-3.7230983,Supermarket,Hiber
40.4654428,-3.7194698,Supermarket,Dia Market
40.4698788,-3.7223299,Supermarket,Dia
40.4473295,-3.7043713,Supermarket,Carrefour Market
40.4554084,-3.706747,Supermarket,Dia
40.4133061,-3.7273157,Supermarket,La Sirena
40.4125345,-3.7264756,Supermarket,Dia
40.4137542,-3.7260959,Supermarket,Dia Market
40.4048988,-3.7449423,Supermarket,Dia
40.4037165,-3.744979,Supermarket,Caprabo
40.3904122,-3.6894528,Supermarket,Ahorramás
40.5762756,-3.9291756,Supermarket,Gama
40.4494119,-3.7106556,Supermarket,La Plaza de DIA
40.341701,-3.5364536,Supermarket,Carrefour
40.3364064,-3.525256,Supermarket,Mercadona
40.435552,-3.7066426,Supermarket,Dia
40.3974594,-3.7659321,Supermarket,Dia
40.4523196,-3.7092995,Supermarket,Ahorramás
40.4868104,-3.7001816,Supermarket,Supersol
40.4763679,-3.6994387,Supermarket,Udaco
40.4552056,-3.7037506,Supermarket,Dia
40.606589,-3.7165603,Supermarket,Ahorramás
40.397226,-3.6992085,Supermarket,Ahorramás
40.3962222,-3.6984504,Supermarket,Dia Market
40.3952352,-3.6976312,Supermarket,Alcampo
40.4047841,-3.7121749,Supermarket,La Despensa
40.3272752,-3.8599428,Supermarket,Carrefour Market
40.4265573,-3.5332526,Supermarket,La Plaza de DIA
40.4220946,-3.5345353,Supermarket,Ahorramás
40.4607473,-3.4899241,Supermarket,Mercadona
40.38488,-3.7826425,Supermarket,Dia
40.401683,-3.6648839,Supermarket,Ahorramás
40.4532563,-3.6151887,Supermarket,Mercadito Piovera
40.4310548,-3.7156809,Supermarket,ALDI
40.3863771,-3.7526168,Supermarket,Dia
40.4886792,-3.6615746,Supermarket,Dia
40.444321,-3.6752546,Supermarket,El Sabroso
40.5754683,-3.927901,Supermarket,Dia
40.54132,-3.632764,Supermarket,Dia
40.5415826,-3.6351383,Supermarket,Eroski
40.4623859,-3.4638308,Supermarket,Ahorramás
40.3973737,-3.7710951,Supermarket,Galería de Alimentación Villaviciosa
40.394771,-3.6799609,Supermarket,Alcampo
40.3981168,-3.7711318,Supermarket,Dia
40.4226775,-3.6779599,Supermarket,Dia Market
40.4112162,-3.6949414,Supermarket,Tiyoweh ecotienda
40.4079276,-3.7353419,Supermarket,Carrefour Market
40.5085827,-3.6941048,Supermarket,Ahorramás
40.4077507,-3.6465734,Supermarket,Dia
40.405586,-3.6504647,Supermarket,Carrefour Market
40.4051088,-3.6458184,Supermarket,Lidl
40.455499,-3.6793124,Supermarket,Dia
40.4548409,-3.6805726,Supermarket,La Plaza de DIA
40.3262139,-3.8694224,Supermarket,Dia
40.4593511,-3.460838,Supermarket,Dia
40.4090831,-3.676125,Supermarket,Mercadona
40.4413966,-3.6546448,Supermarket,La Plaza
40.470011,-3.5806557,Supermarket,Hiber
40.4203301,-3.7085914,Supermarket,Dia Market
40.4156102,-3.7012139,Supermarket,Santa Ana
40.3865261,-3.7014668,Supermarket,Dia Market
40.3893878,-3.7004158,Supermarket,Mercadona
40.4968307,-3.7048319,Supermarket,GAMA
40.4272956,-3.5399268,Supermarket,Dia
40.3239463,-3.7674881,Supermarket,Dia
40.4466859,-3.7102436,Supermarket,La Despensa
40.4032202,-3.6751672,Supermarket,BM
40.4041465,-3.6763836,Supermarket,Dia Market
40.4047294,-3.6728795,Supermarket,Dia Market
40.4072408,-3.6733251,Supermarket,Lidl
40.4371276,-3.7143185,Supermarket,La Sirena
40.4401077,-3.6289199,Supermarket,Supercor
40.438905,-3.6347973,Supermarket,Dia Market
40.3457847,-3.7105235,Supermarket,Ahorramás
40.4096389,-3.6696277,Supermarket,La Plaza de DIA
40.4442141,-3.6718918,Supermarket,Condis
40.4265335,-3.7068578,Supermarket,Covirán
40.5228233,-3.8911589,Supermarket,Mercadona
40.4117919,-3.6593671,Supermarket,Mercadona
40.4816675,-3.717575,Supermarket,Unide Market
40.4628431,-3.4785018,Supermarket,Dia Market
40.3916514,-3.709867,Supermarket,Dia
40.4569296,-3.6994251,Supermarket,Dia
40.3965684,-3.7140897,Supermarket,Dia
40.3940756,-3.7082656,Supermarket,Lidl
40.3965866,-3.7618321,Supermarket,Carrefour Market
40.3937323,-3.7650943,Supermarket,AlCampo
40.4265656,-3.7036466,Supermarket,Dia
40.4215515,-3.7050255,Supermarket,Carrefour Bio
40.4351387,-3.7106616,Supermarket,Dia Market
40.3811752,-3.7139311,Supermarket,Dia
40.3825776,-3.7138161,Supermarket,Soria
40.4576873,-3.4542046,Supermarket,Frutos Secos Bulevar
40.4593706,-3.4612157,Supermarket,Eci
40.4180846,-3.7084812,Supermarket,Suma
40.4282572,-3.7063972,Supermarket,Dia Market
40.4229448,-3.7032698,Supermarket,Dia Market
40.4161294,-3.6766109,Supermarket,La Sirena
40.4836281,-3.7213263,Supermarket,Hiber
40.411034,-3.6680473,Supermarket,Dia
40.4040429,-3.6807522,Supermarket,BM
40.4262981,-3.7323919,Supermarket,Dia
40.4213347,-3.7216174,Supermarket,La Despensa
40.397779,-3.6192085,Supermarket,Ahorramás
40.3258187,-3.8537445,Supermarket,EcoMóstoles Centro
40.4400712,-3.6528073,Supermarket,Dia Market
40.45874,-3.673473,Supermarket,Naturhouse
40.4595594,-3.6931672,Supermarket,Sánchez Romero
40.475725,-3.7203536,Supermarket,Supercor
40.4567149,-3.7061727,Supermarket,PrimaPix
40.4534419,-3.7032183,Supermarket,Casa Elías
40.4566039,-3.7085347,Supermarket,Mi Alcampo
40.4564493,-3.7079602,Supermarket,La Sirena
40.4108447,-3.7136495,Supermarket,Dia&Go
40.4262303,-3.7152117,Supermarket,Supersol
40.4043422,-3.6416026,Supermarket,Dia
40.4071711,-3.6361638,Supermarket,Dia
40.4248151,-3.5500575,Supermarket,Dia
40.4035939,-3.6491964,Supermarket,Dia
40.4618804,-3.7012527,Supermarket,Covirán
40.4096188,-3.6757617,Supermarket,Supercor
40.3975232,-3.6259532,Supermarket,Dia
40.4074662,-3.6578176,Supermarket,Ahorramás
40.4322905,-3.6550869,Supermarket,Supersol
40.5020925,-3.5082855,Supermarket,Hiper Usera
40.4331399,-3.7039552,Supermarket,Carrefour Market
40.473791,-3.6426214,Supermarket,Dia
40.4436564,-3.7038401,Supermarket,Lidl
40.4343313,-3.7045345,Supermarket,Mercadona
40.3892931,-3.692129,Supermarket,Alcampo
40.3862643,-3.6908621,Supermarket,Mercadona
40.3137759,-3.8571707,Supermarket,Dia
40.4071016,-3.6367793,Supermarket,UDACO
40.4747749,-3.8722376,Supermarket,Supercor
40.4922162,-3.8708893,Supermarket,Game
40.4185077,-3.5417131,Supermarket,Ahorramás
40.4281683,-3.5366306,Supermarket,Dia
40.4279957,-3.7020947,Supermarket,Lidl
40.4243264,-3.6063668,Supermarket,La Sirena
40.3750806,-3.7744446,Supermarket,Dia
40.4265429,-3.6080509,Supermarket,Mercadona
40.428015,-3.5616929,Supermarket,Ahorramás
40.3920287,-3.7083476,Supermarket,HiperSol
40.4552217,-3.4826123,Supermarket,Landia
40.3935851,-3.7231198,Supermarket,La Sirena
40.394678,-3.7210492,Supermarket,La Plaza de DIA
40.4374069,-3.6865052,Supermarket,AvatarBTC
40.3292876,-3.7619203,Supermarket,Hiper Leganés
40.3320204,-3.7615704,Supermarket,Dia Market
40.3920801,-3.7250944,Supermarket,Hiber
40.4061912,-3.6988754,Supermarket,Mercadona
40.4608584,-3.4843842,Supermarket,Ahorramás
40.3978396,-3.6680482,Supermarket,Carrefour Market
40.3634812,-3.6925423,Supermarket,Carrefour
40.3977062,-3.7184266,Supermarket,Dia
40.4332125,-3.7166001,Supermarket,Simply Market
40.3724433,-3.6185329,Supermarket,Dia
40.390074,-3.6389538,Supermarket,Ahorramás
40.5612192,-3.6153064,Supermarket,Ahorramás
40.3917046,-3.7265442,Supermarket,Dia Market
40.43241,-3.6475482,Supermarket,Eroski City
40.4315669,-3.6492532,Supermarket,Dia
40.4759464,-3.7131382,Supermarket,Dia
40.5664129,-3.6090235,Supermarket,La Plaza de DIA
40.3828307,-3.6061784,Supermarket,Condis
40.3847091,-3.6075237,Supermarket,Dia
40.4042264,-3.6754823,Supermarket,Ahorramás
40.4069644,-3.6687864,Supermarket,Ahorramás
40.4255129,-3.7042647,Supermarket,Super Internacional
40.3247919,-3.7732899,Supermarket,Condis
40.3261579,-3.7709698,Supermarket,Unide Market
40.4313477,-3.6540339,Supermarket,Covirán
40.4317914,-3.6539225,Supermarket,Dia
40.3294577,-3.7691086,Supermarket,Mercadona
40.3304453,-3.7659007,Supermarket,Hiber
40.3291265,-3.7670889,Supermarket,Dia
40.3266911,-3.7646186,Supermarket,Dia
40.3286705,-3.7616628,Supermarket,Dia
40.4299652,-3.659227,Supermarket,Covirán
40.4254089,-3.6544795,Supermarket,Dia
40.4567533,-3.6925915,Supermarket,Open25
40.3785061,-3.6691818,Supermarket,Ahorramás
40.4573794,-3.6924109,Supermarket,Casa Elías
40.4414496,-3.6751175,Supermarket,Dia
40.4053473,-3.6787216,Supermarket,Lidl
40.448391,-3.6782454,Supermarket,Caprabo
40.4250731,-3.6710166,Supermarket,Dia Market
40.4237442,-3.5324798,Supermarket,Dia
40.3479782,-3.7145015,Supermarket,Ahorramás
40.4597869,-3.696503,Supermarket,La Sirena
40.3437929,-3.7150583,Supermarket,Dia Market
40.3340239,-3.7118486,Supermarket,Mercadona
40.4922165,-3.6545131,Supermarket,Mi Alcampo
40.4349496,-3.7145184,Supermarket,Ahorramás
40.4313045,-3.715664,Supermarket,Dia Market
40.4321409,-3.6675608,Supermarket,Dia Market
40.4628766,-3.6297869,Supermarket,Ahorramás
40.5217995,-3.8936092,Supermarket,Los Castellanos
40.4286509,-3.7085833,Supermarket,Dia
40.4314768,-3.7080373,Supermarket,Dia Market
40.463129,-3.4681355,Supermarket,Dia
40.489145,-3.8965915,Supermarket,Aldi
40.577508,-3.9255259,Supermarket,BM
40.4394535,-3.6982883,Supermarket,Condis
40.4396514,-3.698386,Supermarket,Dia Market
40.4034397,-3.6934301,Supermarket,Ahorramás
40.3872262,-3.7065929,Supermarket,Mercado de Usera
40.4369074,-3.6376789,Supermarket,Ahorramás
40.4347103,-3.6422656,Supermarket,Mercadona
40.4355934,-3.6410063,Supermarket,Dia
40.4316846,-3.6975151,Supermarket,Dia Market
40.3130003,-3.8786478,Supermarket,Joyland
40.3986485,-3.6701698,Supermarket,Dia & Go
40.4354129,-3.643652,Supermarket,Dia
40.4324546,-3.6406599,Supermarket,Ahorramás
40.4269936,-3.6422029,Supermarket,Ahorramás
40.4192463,-3.5722685,Supermarket,Dia
40.4296007,-3.6442581,Supermarket,Ahorramás
40.4304913,-3.6418347,Supermarket,Ahorramás
40.4303451,-3.6417213,Supermarket,Super Dia
40.5124455,-3.6778586,Supermarket,Mercadona
40.3543717,-3.6949291,Supermarket,Dia
40.4336544,-3.6459282,Supermarket,Ahorramás
40.4042294,-3.7021574,Supermarket,La Sirena
40.4571066,-3.4775734,Supermarket,Ahorramás
40.4512333,-3.678536,Supermarket,Fass
40.4290987,-3.6986213,Supermarket,La Plaza
40.4540735,-3.6927016,Supermarket,ALDI
40.3613923,-3.7612903,Supermarket,Dia
40.4511088,-3.6779045,Supermarket,Dia Market
40.4267832,-3.7001518,Supermarket,Dia
40.3474558,-3.7064401,Supermarket,Dia Market
40.4678501,-3.8145949,Supermarket,Mercadona
40.4078312,-3.6974766,Supermarket,Ahorramás
40.4078483,-3.6975867,Supermarket,Dia
40.4213688,-3.6762202,Supermarket,La Plaza de DIA
40.4260306,-3.5644214,Supermarket,Carrefour Market
40.383843,-3.6464238,Supermarket,Dia
40.3582736,-3.9068782,Supermarket,Supercor
40.4422544,-3.7035103,Supermarket,Carrefour
40.4631705,-3.6490856,Supermarket,Unide
40.4633374,-3.647578,Supermarket,Dia
40.3872019,-3.7226443,Supermarket,Dia
40.3885963,-3.7270384,Supermarket,Mercadona
40.419015,-3.7092183,Supermarket,Dia
40.4277291,-3.7179962,Supermarket,Dia&Go
40.4697619,-3.6987198,Supermarket,Unide
40.470691,-3.6901982,Supermarket,Unide
40.4656809,-3.6948189,Supermarket,Galería de Alimentación
40.4702142,-3.6961401,Supermarket,Dia
40.4701285,-3.695986,Supermarket,Dia Market
40.3518577,-3.6971836,Supermarket,Dia Market
40.4057284,-3.6994297,Supermarket,Lidl
40.4546786,-3.7070365,Supermarket,Ahorramás
40.4567576,-3.6758414,Supermarket,DIA&GO
40.4643866,-3.6819678,Supermarket,Supermercado La Paloma
40.4572875,-3.6721471,Supermarket,Eroski City
40.4679862,-3.6863434,Supermarket,Supermercado Gama
40.4953384,-3.9642657,Supermarket,Supercor
40.4443706,-3.674282,Supermarket,Ahorramás
40.4481461,-3.6685898,Supermarket,Mercadona
40.4740599,-3.6393899,Supermarket,La Plaza de DIA
40.4721131,-3.6367,Supermarket,La Plaza de DIA
40.4570198,-3.6862302,Supermarket,Supercor
40.4522754,-3.678976,Supermarket,La Plaza
40.3493473,-3.8109812,Supermarket,Dia
40.4429879,-3.6696602,Supermarket,Bon Area
40.4527936,-3.708281,Supermarket,Hiper Usera
40.4495834,-3.7096635,Supermarket,Dia
40.5199832,-3.9284638,Supermarket,Los Castellanos
40.5536122,-3.6487116,Supermarket,Manjar de la Despensa
40.4254489,-3.5636762,Supermarket,Supermercados Plaza
40.4043018,-3.7130894,Supermarket,Dia Market
40.548885,-3.6229622,Supermarket,Dia
40.4763339,-3.6682553,Supermarket,Supersol
40.4188686,-3.6997464,Supermarket,Dia Market
40.4617833,-3.6888087,Supermarket,Sánchez Romero Supermercados
40.4169706,-3.6737047,Supermarket,Ahorramás
40.4719325,-3.8726806,Supermarket,Gama
40.4335004,-3.6974468,Supermarket,Unide
40.4669872,-3.6970461,Supermarket,Alimentación FF 43
40.4683045,-3.7007044,Supermarket,Alimentación Frutos Secos
40.4630039,-3.6971355,Supermarket,Casa Elías
40.4632499,-3.6965059,Supermarket,Lidl
40.4680566,-3.7002227,Supermarket,San-San Store
40.3812688,-3.6070454,Supermarket,Mercator
40.4146533,-3.7053698,Supermarket,Suma
40.4048423,-3.692178,Supermarket,Condis
40.3851303,-3.7071334,Supermarket,Lidl
40.3397603,-3.8641658,Supermarket,Dia
40.4902148,-3.9555857,Supermarket,Mercadona
40.4508247,-3.6976629,Supermarket,Dia
40.3375617,-3.7729009,Supermarket,Market Press
40.3297648,-3.7656268,Supermarket,Nª Sra de Butarque
40.4928023,-3.6541404,Supermarket,Dia
40.4334989,-3.7011461,Supermarket,Dia
40.4625344,-3.6857795,Supermarket,La Despensa
40.4359439,-3.7038479,Supermarket,Villa de Madrid
40.4233587,-3.707575,Supermarket,Dia
40.432145,-3.6546658,Supermarket,Herbashop
40.3820528,-3.7483638,Supermarket,Dia Market
40.4617099,-3.4612062,Supermarket,Londres
40.3950479,-3.721462,Supermarket,Mercadona
40.4631609,-3.6944495,Supermarket,Autoservicio Gama
40.4398831,-3.7065665,Supermarket,La Despensa
40.4605261,-3.6770792,Supermarket,La Plaza de DIA
40.4641983,-3.6336475,Supermarket,Dia
40.4257351,-3.6639442,Supermarket,Dia
40.4263412,-3.664983,Supermarket,La Sirena
40.4258716,-3.6675814,Supermarket,Simply Market
40.406441,-3.6727811,Supermarket,La Despensa
40.4186109,-3.7082714,Supermarket,Dia
40.4077181,-3.6507741,Supermarket,Mercadona
40.431702,-3.649273,Supermarket,Dulce Impresión Tienda
40.4640867,-3.6965164,Supermarket,Mercadona
40.4750898,-3.6750443,Supermarket,Covirán
40.4167427,-3.7107054,Supermarket,Dia
40.4281102,-3.6986375,Supermarket,Dia Market
40.41579,-3.709689,Supermarket,Covirán
40.4957309,-3.6910337,Supermarket,Unide
40.5234564,-3.8841092,Supermarket,Carrefour
40.4370477,-3.7113872,Supermarket,Hiber
40.3131802,-3.7276533,Supermarket,Hiper Usera
40.4125391,-3.702931,Supermarket,Ya
40.3947573,-3.6626939,Supermarket,Sqrups!
40.4388646,-3.713725,Supermarket,Supercor
40.4352887,-3.6919654,Supermarket,Mercadona
40.4340172,-3.6944901,Supermarket,Dia
40.4382874,-3.6995791,Supermarket,Open 25
40.3828709,-3.7105837,Supermarket,Hiper
40.4351286,-3.7005504,Supermarket,Hiber
40.4348782,-3.7055802,Supermarket,La Sirena
40.4560144,-3.6773103,Supermarket,Carrefour
40.4574724,-3.677835,Supermarket,La Sirena
40.441042,-3.6784438,Supermarket,Carrefour Market
40.4821286,-3.7143898,Supermarket,Supersol
40.4389929,-3.6991966,Supermarket,Ahorramás
40.4875232,-3.6561746,Supermarket,Casa Elías
40.4453007,-3.699261,Supermarket,La Plaza de DIA
40.4111502,-3.6472363,Supermarket,Frutas Pedro
40.378957,-3.7791262,Supermarket,Simply Market
40.3552234,-3.5419513,Supermarket,Mercadona
40.3544995,-3.51832,Supermarket,Mercadona
40.3589813,-3.7799657,Supermarket,Dia
40.4380066,-3.6565404,Supermarket,Supermercado Amana
40.4383084,-3.6536155,Supermarket,Ahorramás
40.4338736,-3.6942686,Supermarket,Carrefour Express
40.4440885,-3.675291,Supermarket,Lidl
40.4037618,-3.6073918,Supermarket,Dia
40.4329318,-3.6554204,Supermarket,Hiper Usera
40.3847706,-3.7062231,Supermarket,Ahorramás
40.4476284,-3.6971261,Supermarket,Froiz
40.4379713,-3.6511276,Supermarket,Covirán
40.4319875,-3.7231268,Supermarket,Trady's
40.4315916,-3.7227389,Supermarket,Udaco
40.446936,-3.8003318,Supermarket,Ahorramás
40.4332535,-3.6441342,Supermarket,Bodega latina
40.4496839,-3.7014789,Supermarket,Dia Market
40.4464243,-3.6519114,Supermarket,Express
40.4271953,-3.7181742,Supermarket,Casa Elías
40.3922912,-3.7414783,Supermarket,Lidl
40.476852,-3.6449153,Supermarket,Supersol
40.4452611,-3.8088853,Supermarket,Dia
40.4066719,-3.7246693,Supermarket,La Plaza
40.395196,-3.9918272,Supermarket,Aldi
40.3951838,-3.9918372,Supermarket,Aldi
40.3996538,-3.7207578,Supermarket,Ahorramás
40.3438855,-3.7801164,Supermarket,Covirán
40.4412352,-3.7836506,Supermarket,Sánchez Romero
40.447326,-3.8018081,Supermarket,La Despensa express
40.3463871,-3.7103492,Supermarket,La Jaula
40.4049076,-3.6954078,Supermarket,Dia
40.4363269,-3.6850158,Supermarket,Dia
40.4464045,-3.8021202,Supermarket,Dia
40.4622052,-3.8081479,Supermarket,Hipercor
40.4372164,-3.8179357,Supermarket,Otoño
40.436265,-3.8132461,Supermarket,La Despensa
40.4753014,-3.7173136,Supermarket,Congelados La Sirena
40.4198577,-3.7979731,Supermarket,La Plaza de DIA
40.4549447,-3.6520471,Supermarket,Mercadona
40.389118,-3.7614818,Supermarket,Ahorramás
40.4219968,-3.699778,Supermarket,Oh! My Bio
40.4333428,-3.6703687,Supermarket,BM
40.4483509,-3.7013103,Supermarket,Dia
40.428043,-3.5346013,Supermarket,Covirán
40.5036597,-3.669852,Supermarket,Supercor
40.4770529,-3.6991973,Supermarket,Dia
40.4715562,-3.7113014,Supermarket,Lidl
40.3562473,-3.831672,Supermarket,Soria Natural
40.3960865,-3.7747381,Supermarket,Supermercados Colonia Jardín
40.448037,-3.7847348,Supermarket,Super Aravaca
40.4841528,-3.702456,Supermarket,Dia
40.3875762,-3.6646475,Supermarket,Mercadona Cines París
40.4215154,-3.6786722,Supermarket,Bio C' Bon
40.4417797,-3.8445748,Supermarket,Mercadona
40.4537169,-3.870799,Supermarket,Labrandero
40.3971954,-3.6945541,Supermarket,Condis
40.4751677,-3.6507679,Supermarket,Aldi
40.5967121,-3.5055273,Supermarket,Carrefour Market
40.3532202,-3.692282,Supermarket,Dia Market
40.4654131,-3.5930336,Supermarket,Mercadona
40.4606294,-3.6317402,Supermarket,Ahorramás
40.5992005,-3.7097852,Supermarket,Carrefour
40.4932719,-3.7080438,Supermarket,Sánchez Romero
40.4595111,-3.6724848,Supermarket,Mercadona
40.3917586,-3.7414048,Supermarket,Mercadona
40.4217756,-3.6972977,Supermarket,Veritas
40.4239428,-3.6780412,Supermarket,Alcampo
40.4187835,-3.7093622,Supermarket,Dia
40.4103114,-3.8799281,Supermarket,Chensi Hiperhogar
40.4634228,-3.6468619,Supermarket,Unide
40.4739499,-3.642865,Supermarket,Ahorra Mas
40.4445038,-3.610866,Supermarket,Dia
40.4460443,-3.6091076,Supermarket,La Plaza de DIA
40.3794697,-3.792387,Supermarket,La Despensa
40.3663332,-3.6864027,Supermarket,Dia
40.4260424,-3.5453358,Supermarket,Dia
40.4339729,-3.6461585,Supermarket,Primaprix
40.4306624,-3.6652052,Supermarket,Mercadona
40.3488857,-3.7068062,Supermarket,Hiper Villaverde
40.4306969,-3.7056095,Supermarket,Market & Go
40.383778,-3.7306068,Supermarket,Ahorramás
40.3841773,-3.7290467,Supermarket,Mercadona
40.4111485,-3.7196174,Supermarket,Dia
40.4119737,-3.7193644,Supermarket,Eroski City
40.335016,-3.8608606,Supermarket,Ahorramás
40.3457921,-3.7069426,Supermarket,Dia
40.4366066,-3.6621471,Supermarket,Carrefour
40.4322049,-3.6740912,Supermarket,Alcampo
40.3235492,-3.6551048,Supermarket,Covirán
40.4693204,-3.640424,Supermarket,Carrefour
40.4692855,-3.8537883,Supermarket,Supercor
40.3989362,-3.6433303,Supermarket,Dia
40.4079837,-3.6788431,Supermarket,Coma
40.4034583,-3.6765187,Supermarket,Clarel
40.4052022,-3.6805533,Supermarket,Dia
40.4068704,-3.6789678,Supermarket,La Sirena
40.426652,-3.6758253,Supermarket,Carrefour Market
40.3954606,-3.6943791,Supermarket,La Sirena
40.4920159,-3.8732184,Supermarket,La Sirena
40.4920723,-3.8733191,Supermarket,Dia
40.4893823,-3.8763957,Supermarket,Alcampo
40.3517929,-3.8334012,Supermarket,Covirán
40.4427509,-3.713421,Supermarket,Supersol
40.4788226,-3.6708926,Supermarket,Dia
40.470963,-3.686612,Supermarket,Mercadona
40.4219359,-3.6087903,Supermarket,Dia Fresh
40.4057994,-3.723315,Supermarket,Alimentacion
40.4310364,-3.7187621,Supermarket,Dia
40.4116,-3.7210738,Supermarket,Bazar Chino
40.4119484,-3.7210458,Supermarket,El Mercadito
40.4612867,-3.6982727,Supermarket,PrimaPrix
40.3571779,-3.907476,Supermarket,Condis
40.3812627,-3.6637452,Supermarket,Carrefour
40.3280866,-3.7648768,Supermarket,PrimaPriX
40.3292242,-3.7275278,Supermarket,Hipercor
40.4366722,-3.8163654,Supermarket,trady's
40.3424072,-3.5221533,Supermarket,Ahorramás
40.3951407,-3.6963505,Supermarket,La Plaza de DIA
40.5672099,-3.5025027,Supermarket,Suma
40.5684904,-3.5042168,Supermarket,La Alacena
40.3551265,-3.5316282,Supermarket,Las Dalias
40.3550816,-3.53125,Supermarket,Opencor
40.3557917,-3.547458,Supermarket,Alcampo
40.3324242,-3.7547716,Supermarket,Condis
40.3494898,-3.5284696,Supermarket,Hiber
40.3354983,-3.7496761,Supermarket,Ahorramás
40.3341687,-3.7434795,Supermarket,Ahorramás
40.4715816,-3.697088,Supermarket,Ahorramás
40.4589356,-3.7112586,Supermarket,La Plaza de DIA
40.4578844,-3.7109715,Supermarket,Dia
40.4391923,-3.7100603,Supermarket,Supersol
40.3862214,-3.6494835,Supermarket,Ahorramás
40.4065669,-3.8781381,Supermarket,La Candela
40.4415398,-3.6713326,Supermarket,Hiber
40.4105431,-3.7312891,Supermarket,Eroski City
40.3327511,-3.7511731,Supermarket,Dia
40.3293215,-3.7532678,Supermarket,Dia
40.5519429,-3.6306755,Supermarket,Dia Market
40.4514981,-3.6820516,Supermarket,Supercor
40.4440811,-3.4723188,Supermarket,Udaco
40.4992675,-3.67408,Supermarket,Ecomax
40.3841664,-3.6417632,Supermarket,Galería de alimentación Fuengirola
40.3839896,-3.6426564,Supermarket,Dia
40.4007123,-3.6658945,Supermarket,Dia Market
40.395249,-3.6611249,Supermarket,Ahorramás
40.3965126,-3.6660688,Supermarket,Supersol
40.4100679,-3.7970669,Supermarket,Condis
40.4308622,-3.6180111,Supermarket,Plaza
40.4263983,-3.6286429,Supermarket,Hiber
40.4281916,-3.6254555,Supermarket,Dia
40.3161437,-3.7214792,Supermarket,Ahorramás
40.4841728,-3.8679422,Supermarket,Supercor
40.3258409,-3.8661382,Supermarket,Ahorramás
40.3267485,-3.8617317,Supermarket,Dia
40.3153952,-3.8689618,Supermarket,Lidl
40.4653287,-3.699635,Supermarket,Dia Market
40.4699638,-3.7024907,Supermarket,La Plaza de DIA
40.378698,-3.7486522,Supermarket,Alcampo
40.4162686,-3.7021962,Supermarket,Biocentro La Canela
40.3560423,-3.902605,Supermarket,BM
40.3344103,-3.7716322,Supermarket,El Santo Niño
40.3590796,-3.777405,Supermarket,Alcampo
40.3458888,-3.5217899,Supermarket,Intercor
40.3437837,-3.5248568,Supermarket,Besana
40.3445898,-3.8083318,Supermarket,Ahorramás
40.4384238,-3.6674315,Supermarket,Alcampo
40.4614899,-3.6937827,Supermarket,Alcampo
40.4375798,-3.6195886,Supermarket,Casa Elías
40.407696,-3.7037927,Supermarket,Supercoop
40.4865242,-3.7254544,Supermarket,La Plaza de DIA
40.4126634,-3.7049309,Supermarket,Carrefour Market
40.3907602,-3.7018796,Supermarket,Alcampo City
40.390022,-3.7005328,Supermarket,Mercadona
40.3966411,-3.4904821,Supermarket,Covirán
40.4753135,-3.7392327,Supermarket,Sánchez Romero
40.4144974,-3.6943695,Supermarket,Vicens - Turrones artesanos
40.4495612,-3.8814668,Supermarket,Sánchez Romero
40.4472696,-3.802643,Supermarket,Un mundo a granel
40.39199,-3.6558086,Supermarket,Mercadona
40.4572884,-3.6913828,Supermarket,Mercadona
40.4648162,-3.7254804,Supermarket,Covirán
40.3562051,-3.6969074,Supermarket,Mercadito
40.4274152,-3.6728208,Supermarket,Mercadona
40.4232491,-3.6695642,Supermarket,ALDI
40.4433011,-3.6687652,Supermarket,Dia
40.445508,-3.6676346,Supermarket,ALDI
40.4380212,-3.6844877,Supermarket,Supercor
40.4009181,-3.7545977,Supermarket,Proxim
40.3780002,-3.6669862,Supermarket,Ahorramás
40.4075306,-3.6970423,Supermarket,Asalto de mata
40.3800897,-3.6192376,Supermarket,Dia Market
40.3806699,-3.6176792,Supermarket,Covirán
40.3816759,-3.6604209,Supermarket,Lidl
40.3837853,-3.667343,Supermarket,Ahorramás
40.6217419,-3.9071867,Supermarket,Autoservicio Gervasio García
40.6219851,-3.9054087,Supermarket,Gigante
40.6142287,-3.7069358,Supermarket,Lidl
40.6133636,-3.704791,Supermarket,Hiber
40.4630031,-3.675144,Supermarket,Alcampo
40.3740293,-3.4857532,Supermarket,Ahorramás
40.5047934,-3.5292481,Supermarket,Condis
40.5052884,-3.5317714,Supermarket,Alimentacion Pozas
40.4099049,-3.6967171,Supermarket,Dia Market
40.4250863,-3.7023642,Supermarket,Carrefour Express
40.4915828,-3.6068406,Supermarket,Ahorramás
40.4183032,-3.664095,Supermarket,Supercor Express
40.4175677,-3.6644042,Supermarket,La Plaza de DIA
40.4653325,-3.6955813,Supermarket,Dia
40.4698066,-3.6902648,Supermarket,Dia
40.4560571,-3.8611307,Supermarket,Sánchez Romero
40.4339881,-3.6076434,Supermarket,Supersol
40.4046932,-3.6720396,Supermarket,La Sirena
40.4338897,-3.6816628,Supermarket,frutos secos
40.4242378,-3.6578471,Supermarket,Alcampo
40.5043853,-3.7003719,Supermarket,Supercor
40.4574286,-3.6942825,Supermarket,Carrefour Market
40.4347007,-3.6816012,Supermarket,Supersol
40.4610572,-3.6987674,Supermarket,Lidl
40.4489974,-3.7038703,Supermarket,Lidl
40.4507346,-3.6553933,Supermarket,Soria
40.4710119,-3.69829,Supermarket,La Osa
40.4533511,-3.7068157,Supermarket,Dia
40.4459008,-3.6745323,Supermarket,Dia Market
40.4404677,-3.6785657,Supermarket,Carrefour Market
40.404434,-3.6956506,Supermarket,Mi Alcampo
40.4259866,-3.682557,Supermarket,Casabase
40.4203957,-3.6785249,Supermarket,Casabase
40.5971487,-3.5082818,Supermarket,ALDI
40.4049533,-3.7121205,Supermarket,BonÀrea
40.4031046,-3.7388162,Supermarket,Supermercado Gon Market
40.4037769,-3.738805,Supermarket,Supermercado Gon Mar
40.5525118,-3.8958187,Supermarket,Gama
40.430486,-3.7131375,Supermarket,Carrefour Market
40.5973119,-3.5072974,Supermarket,Ahorramás
40.4107306,-3.6955084,Supermarket,Mi Alcampo
40.4501553,-3.6505602,Supermarket,Sánchez Romero
40.4518221,-3.7038943,Supermarket,Dia
40.3746783,-3.7507764,Supermarket,La Plaza de DIA
40.3739108,-3.7509556,Supermarket,Unide Market
40.3745984,-3.7536957,Supermarket,Unide Market
40.4211221,-3.7098455,Supermarket,Hualian Market
40.4207915,-3.7095018,Supermarket,Supermercado Santo Domingo
40.4150684,-3.6969571,Supermarket,Udaco
40.4224976,-3.6245596,Supermarket,Dia
40.3792397,-3.6245163,Supermarket,trady's
40.3987098,-3.6994736,Supermarket,Supercor Express
40.3864045,-3.6501123,Supermarket,Alcampo
40.32943,-3.8656052,Supermarket,Dia
40.4711961,-3.441203,Supermarket,Lidl
40.4609204,-3.4836668,Supermarket,Covirán
40.551175,-3.8947951,Supermarket,Abarrotes
40.4211157,-3.7179535,Supermarket,Día
40.4342074,-3.6982223,Supermarket,Casa Elías
40.4009087,-3.652967,Supermarket,Dia
40.4322021,-3.697866,Supermarket,Alcampo
40.3863761,-3.7352796,Supermarket,Mercadona
40.3868861,-3.7339471,Supermarket,Hiper Usera
40.4559772,-3.7021004,Supermarket,Aldi
40.4587874,-3.7006319,Supermarket,Mi Alcampo
40.458412,-3.7068611,Supermarket,Dia
40.4616778,-3.6999757,Supermarket,Mi Alcampo
40.4167748,-3.6691074,Supermarket,Carrefour Express
40.3789907,-3.752948,Supermarket,Udaco
40.3944943,-3.6838471,Supermarket,Covirán
40.4594716,-3.7024629,Supermarket,La Plaza de Dia
40.3752637,-3.5333456,Supermarket,Plaza
40.5237081,-3.6566066,Supermarket,Mercadona
40.4053139,-3.6747807,Supermarket,La semilla
40.3890547,-3.7418814,Supermarket,Carrefour
40.4049705,-3.7219616,Supermarket,Unide
40.3914762,-3.7544828,Supermarket,Carrefour Express
40.3953253,-3.7662115,Supermarket,Congelados Sirena
40.4224011,-3.721386,Supermarket,Supermercado Oriental
40.472359,-3.8755385,Supermarket,Alimentación
40.47304,-3.8754948,Supermarket,Alimentación La Amistad
40.4730857,-3.8754891,Supermarket,Supermercados Dia
40.4727743,-3.8763565,Supermarket,La tienda de Julio
40.3929728,-3.7542383,Supermarket,Dia
40.3626858,-3.5953007,Supermarket,Ahorramás
40.4905248,-3.608062,Supermarket,Supercor
40.4700748,-3.8760529,Supermarket,Ahorramás
40.3920941,-3.7094997,Supermarket,Carrefour Market
40.4472953,-3.7034943,Supermarket,Aldi
40.4092733,-3.6702469,Supermarket,Carrefour Express
40.4937446,-3.6873822,Supermarket,Dia
40.3794419,-3.7707745,Supermarket,Dia
40.4159371,-3.7022345,Supermarket,Bazar
40.45893,-3.7831129,Supermarket,La Nueva
40.4587193,-3.7830013,Supermarket,La Nueva
40.4622382,-3.4807065,Supermarket,Super Barrio
40.460922,-3.4808442,Supermarket,Unide Supermercados
40.4600207,-3.4792128,Supermarket,Covirán
40.4685882,-3.6364048,Ospedale,Centro de especialidades Emigrantes
40.4645362,-3.4728958,Ospedale,Centro de Especialidades
40.3480977,-3.8290251,Ospedale,Centro de Salud Doctor Trueta
40.3224865,-3.7160926,Ospedale,Centro de Salud Getafe Norte
40.3687011,-3.4839964,Ospedale,Atención médica
40.4681204,-3.7267737,Ospedale,Gerencia SERMAS
40.4648143,-3.4727526,Ospedale,Urgencias
40.4592666,-3.6689294,Ospedale,Centro médico Costa Rica
40.4437878,-3.7229335,Ospedale,Instituto Anatómico Forense
40.4234652,-3.6271467,Ospedale,Centro de Especialidades González Bueno
40.4325782,-3.7086334,Ospedale,Clínica del Dolor de Madrid
40.3194528,-3.7691763,Ospedale,Urgencias (Trauma) Severo Ochoa
40.3196696,-3.7702062,Ospedale,Urgencias (Infantil) Severo Ochoa
40.4320277,-3.7180067,Ospedale,Clínica del Pie Argüelles
40.424623,-3.6739591,Ospedale,Clínica Madrid Vascular
40.4238144,-3.6750467,Ospedale,Clínica Madrid Vascular
40.4622031,-3.6291778,Ospedale,Cruz Roja Ofic. Territorial Hortaleza-Madrid
40.4929426,-3.6669901,Ospedale,Hospital Universitario La Moraleja - Ala de Austria
40.50153,-3.6821696,Treno,Fuencarral
40.4424951,-3.4787736,Treno,Mercancías
40.3185283,-3.7096898,Treno,El Casar
40.4098546,-3.6500932,Metro,Vinateros
40.2281693,-3.7615285,Tram,Parque Parla Este
40.2234556,-3.7606985,Tram,Avenida Sistema Solar
40.2375944,-3.7705899,Tram,Iglesia Centro
40.2311714,-3.7651038,Tram,Isabel II
40.2314646,-3.7699482,Tram,Reyes Católicos
40.352592,-3.6839811,Treno,Villaverde Bajo
40.3814589,-3.7803772,Treno,Las Águilas
40.3499431,-3.8319854,Metro,Alcorcón Central
40.5466143,-3.6350138,Treno,Alcobendas - San Sebastián de los Reyes
40.3790211,-3.6987395,Treno,Doce de Octubre
40.4052253,-3.7029281,Treno,Embajadores
40.3835465,-3.7686258,Treno,Fanjul
40.3992501,-3.7446072,Treno,Laguna
40.3503366,-3.7050198,Treno,Puente Alcocer
40.3458587,-3.8490659,Metro,Parque Oeste
40.4458416,-3.6916991,Metro,Nuevos Ministerios
40.4224959,-3.6917042,Treno,Recoletos
40.4608552,-3.6982259,Metro,Tetuán
40.4662822,-3.6896636,Metro,Plaza de Castilla
40.4739432,-3.682648,Metro,Chamartín
40.4769812,-3.676614,Metro,Bambú
40.4800504,-3.6670518,Metro,Pinar de Chamartín
40.3599901,-3.5921171,Metro,Valdecarros
40.3635039,-3.5991634,Metro,Las Suertes
40.3721977,-3.6187268,Metro,Congosto
40.379394,-3.6212983,Metro,Villa de Vallecas
40.38193,-3.6246083,Metro,Sierra de Guadalupe
40.387548,-3.6400068,Metro,Miguel Hernández
40.3900497,-3.6458127,Metro,Alto del Arenal
40.3916235,-3.653876,Metro,Buenos Aires
40.3930132,-3.659194,Metro,Portazgo
40.395963,-3.6647621,Metro,Nueva Numancia
40.3980926,-3.6689662,Metro,Puente de Vallecas
40.4069749,-3.6886008,Metro,Atocha
40.4088389,-3.6914748,Metro,Estación del Arte
40.412291,-3.699089,Metro,Antón Martín
40.4123621,-3.7045206,Metro,Tirso de Molina
40.4199123,-3.7016189,Metro,Gran Vía
40.4262415,-3.7010942,Metro,Tribunal
40.4352634,-3.6990132,Metro,Iglesia
40.4415935,-3.7015924,Metro,Ríos Rosas
40.4500867,-3.7035098,Metro,Alvarado
40.416938,-3.7033901,Metro,Sol
40.4645262,-3.694999,Metro,Valdeacederas
40.4545136,-3.7027568,Metro,Estrecho
40.4571156,-3.6769611,Metro,Colombia
40.4678284,-3.6486781,Metro,Pinar del Rey
40.4698205,-3.6385808,Metro,Mar de Cristal
40.464,-3.6163088,Metro,Feria de Madrid
40.4679143,-3.5717593,Metro,Aeropuerto T1-T2-T3
40.4758121,-3.5826207,Metro,Barajas
40.4925028,-3.5925602,Metro,Aeropuerto T4
40.4766992,-3.662679,Metro,Manoteras
40.4747276,-3.652125,Metro,Hortaleza
40.4771257,-3.6456986,Metro,Parque de Santa María
40.4745618,-3.6396107,Metro,San Lorenzo
40.4637721,-3.6354426,Metro,Canillas
40.4592436,-3.6455644,Metro,Esperanza
40.455936,-3.6561772,Metro,Arturo Soria
40.4534311,-3.6615049,Metro,Avenida de la Paz
40.4482221,-3.6678923,Metro,Alfonso XIII
40.4437817,-3.6750252,Metro,Prosperidad
40.434474,-3.6747205,Metro,Diego de León
40.4293973,-3.6753988,Metro,Lista
40.4246991,-3.6762001,Metro,Goya
40.4251769,-3.682539,Metro,Velázquez
40.4253869,-3.6869007,Metro,Serrano
40.4258007,-3.6920413,Metro,Colón
40.4274063,-3.695983,Metro,Alonso Martínez
40.4297715,-3.705761,Metro,San Bernardo
40.4307266,-3.7161715,Metro,Argüelles
40.4376477,-3.6772962,Metro,Avenida de América
40.4034858,-3.7609309,Metro,Casa de Campo
40.3946832,-3.7682788,Metro,Campamento
40.3907261,-3.765486,Metro,Empalme
40.3844157,-3.7510629,Metro,Eugenia de Montijo
40.3878172,-3.7449835,Metro,Carabanchel
40.3887883,-3.7400441,Metro,Vista Alegre
40.3886401,-3.7317242,Metro,Oporto
40.3925341,-3.7253613,Metro,Urgel
40.3974458,-3.7164041,Metro,Marqués de Vadillo
40.4020429,-3.7119409,Metro,Pirámides
40.4040749,-3.7059572,Metro,Acacias
40.4070507,-3.7110664,Metro,Puerta de Toledo
40.4112911,-3.7083094,Metro,La Latina
40.4179827,-3.7094148,Metro,Ópera
40.4202937,-3.7059121,Metro,Callao
40.4226703,-3.6976743,Metro,Chueca
40.4330422,-3.6896897,Metro,Rubén Darío
40.4326416,-3.6795551,Metro,Núñez de Balboa
40.4310642,-3.6635419,Metro,Ventas
40.4319699,-3.6561907,Metro,El Carmen
40.4331142,-3.6481458,Metro,Quintana
40.4350329,-3.644171,Metro,Pueblo Nuevo
40.4379315,-3.6377404,Metro,Ciudad Lineal
40.4408788,-3.6270164,Metro,Suanzes
40.443618,-3.6171219,Metro,Torre Arias
40.4491131,-3.6085862,Metro,Canillejas
40.4533798,-3.5941978,Metro,El Capricho
40.4575814,-3.5879745,Metro,Alameda de Osuna
40.4350196,-3.719236,Metro,Moncloa
40.4267613,-3.7132931,Metro,Ventura Rodríguez
40.423449,-3.7108809,Metro,Plaza de España
40.4084633,-3.7007946,Metro,Lavapiés
40.4048124,-3.7022732,Metro,Embajadores
40.4030849,-3.6947843,Metro,Palos de la Frontera
40.3993312,-3.6941225,Metro,Delicias
40.3914432,-3.6949558,Metro,Legazpi
40.3841135,-3.696447,Metro,Almendrales
40.37546,-3.6959057,Metro,Hospital 12 de Octubre
40.369987,-3.6943864,Metro,San Fermín-Orcasur
40.3601741,-3.69343,Metro,Ciudad de los Ángeles
40.351034,-3.6926258,Metro,Villaverde Bajo - Cruce
40.3416121,-3.6934141,Metro,San Cristóbal
40.4467812,-3.7039643,Metro,Cuatro Caminos
40.4386349,-3.704264,Metro,Canal
40.4331809,-3.7044934,Metro,Quevedo
40.4247733,-3.7073851,Metro,Noviciado
40.4212016,-3.7080846,Metro,Santo Domingo
40.4177659,-3.6999453,Metro,Sevilla
40.4190548,-3.6949256,Metro,Banco de España
40.4204626,-3.6864269,Metro,Retiro
40.4226491,-3.6803686,Metro,Príncipe de Vergara
40.4281432,-3.6687107,Metro,Manuel Becerra
40.4231715,-3.6382552,Metro,La Almudena
40.4182411,-3.6237899,Metro,Alsacia
40.422449,-3.6122237,Metro,Avenida de Guadalajara
40.4269992,-3.6494651,Metro,La Elipa
40.417612,-3.5345145,Metro,Hospital del Henares
40.4179009,-3.5269935,Metro,Henares
40.4238574,-3.524648,Metro,Jarama
40.4248058,-3.5353392,Metro,San Fernando
40.4251447,-3.5479154,Metro,La Rambla
40.42389,-3.5619883,Metro,Coslada Central
40.4225597,-3.5691552,Metro,Barrio del Puerto
40.4337998,-3.600962,Metro,Estadio Metropolitano
40.4325722,-3.6078503,Metro,Las Musas
40.4275001,-3.615954,Metro,San Blas
40.4275549,-3.6229906,Metro,Simancas
40.4286476,-3.6328626,Metro,García Noblejas
40.4303119,-3.6404493,Metro,Ascao
40.4392288,-3.6518501,Metro,Barrio de la Concepción
40.4393064,-3.6629009,Metro,Parque de las Avenidas
40.4393948,-3.6719112,Metro,Cartagena
40.4379941,-3.6912127,Metro,Gregorio Marañón
40.4384455,-3.6992576,Metro,Alonso Cano
40.4390433,-3.7139784,Metro,Islas Filipinas
40.4462739,-3.7131693,Metro,Guzmán el Bueno
40.4566118,-3.7121114,Metro,Francos Rodríguez
40.4649188,-3.7165189,Metro,Valdezarza
40.4701887,-3.7178808,Metro,Antonio Machado
40.4759519,-3.7160518,Metro,Peñagrande
40.4800441,-3.7183065,Metro,Avenida de la Ilustración
40.4851113,-3.7231023,Metro,Lacoma
40.4209619,-3.7193334,Metro,Príncipe Pío
40.3410325,-3.7117691,Metro,Villaverde Alto
40.3494977,-3.8207793,Metro,Parque Lisboa
40.3452072,-3.8120209,Metro,Puerta del Sur
40.3367045,-3.7767659,Metro,San Nicasio
40.3280922,-3.7723562,Metro,Leganés Central
40.3217764,-3.7678287,Metro,Hospital Severo Ochoa
40.3266496,-3.7594823,Metro,Casa del Reloj
40.3346303,-3.752386,Metro,Julián Besteiro
40.329394,-3.729993,Metro,El Bercial
40.3241766,-3.7183219,Metro,Los Espartales
40.3183334,-3.7102212,Metro,El Casar
40.3126615,-3.7216647,Metro,Juan de la Cierva
40.3099608,-3.7340092,Metro,Getafe Centro
40.3001349,-3.7370513,Metro,Alonso de Mendoza
40.2926727,-3.7462326,Metro,Conservatorio
40.2886337,-3.7567259,Metro,Arroyo Culebro
40.2866605,-3.7871681,Metro,Parque de los Estados
40.2822879,-3.7982754,Metro,Fuenlabrada Central
40.2852204,-3.8074481,Metro,Parque Europa
40.2858456,-3.815823,Metro,Hospital de Fuenlabrada
40.296741,-3.8367671,Metro,Loranca
40.308995,-3.8635764,Metro,Manuela Malasaña
40.3163098,-3.8744217,Metro,Hospital de Móstoles
40.3221545,-3.8643739,Metro,Pradillo
40.3290012,-3.8634972,Metro,Móstoles Central
40.3348569,-3.8721732,Metro,Universidad Rey Juan Carlos
40.3992937,-3.744626,Metro,Laguna
40.4048009,-3.7452693,Metro,Lucero
40.4099947,-3.7384073,Metro,Alto de Extremadura
40.4138284,-3.7271312,Metro,Puerta del Ángel
40.443792,-3.726423,Metro,Ciudad Universitaria
40.446506,-3.7190437,Metro,Vicente Aleixandre
40.4443179,-3.6846392,Metro,República Argentina
40.422202,-3.6690629,Metro,O'Donnell
40.4143958,-3.6696729,Metro,Sainz de Baranda
40.395717,-3.6801095,Metro,Méndez Álvaro
40.3929633,-3.6884481,Metro,Arganzuela-Planetario
40.3880344,-3.7056039,Metro,Usera
40.3853557,-3.7178747,Metro,Plaza Elíptica
40.3869292,-3.7231777,Metro,Opañel
40.3929166,-3.7409821,Metro,Carpetana
40.3809981,-3.7279849,Metro,Abrantes
40.3761821,-3.7341933,Metro,Pan Bendito
40.3736594,-3.7397923,Metro,San Francisco
40.3721312,-3.7517674,Metro,Carabanchel Alto
40.3630249,-3.7574077,Metro,La Peseta
40.3581963,-3.7776561,Metro,La Fortuna
40.4904848,-3.7259013,Metro,Arroyofresno
40.4674764,-3.6805854,Metro,Duque de Pastrana
40.4698213,-3.696293,Metro,Ventilla
40.4770471,-3.7035391,Metro,Barrio del Pilar
40.4846027,-3.7080099,Metro,Herrera Oria
40.4912103,-3.7167116,Metro,Mirasierra
40.4005425,-3.6352111,Metro,Pavones
40.4052627,-3.6418518,Metro,Artilleros
40.4103313,-3.6525288,Metro,Vinateros
40.4112849,-3.661347,Metro,Estrella
40.4444834,-3.6784632,Metro,Cruz del Rayo
40.4183658,-3.6781374,Metro,Ibiza
40.4513295,-3.6776079,Metro,Concha Espina
40.4618018,-3.6765305,Metro,Pío XII
40.3190333,-3.4777889,Metro,La Poveda
40.3417054,-3.5249885,Metro,Rivas Futura
40.4012423,-3.5957286,Metro,Puerta de Arganda
40.4039851,-3.6035493,Metro,San Cipriano
40.4042034,-3.6088938,Metro,Vicálvaro
40.3999118,-3.621522,Metro,Valdebernardo
40.4165056,-3.7350405,Metro,Lago
40.4523667,-3.6907254,Metro,Santiago Bernabéu
40.4594841,-3.6900166,Metro,Cuzco
40.4833334,-3.6865245,Metro,Begoña
40.4947348,-3.6930692,Metro,Fuencarral
40.500966,-3.6946891,Metro,Tres Olivos
40.5053359,-3.6959917,Metro,Montecarmelo
40.5083428,-3.6694346,Metro,Las Tablas
40.5151569,-3.6623169,Metro,Ronda de la Comunicación
40.5274337,-3.6585237,Metro,La Granja
40.5320326,-3.6354938,Metro,La Moraleja
40.5404555,-3.6380507,Metro,Marqués de la Valdavia
40.5502221,-3.6469674,Metro,Manuel de Falla
40.554496,-3.635649,Metro,Baunatal
40.5509075,-3.6240552,Metro,Reyes Católicos
40.5598448,-3.6115488,Metro,Hospital Infanta Sofía
40.3497655,-3.8073186,Metro,Joaquín Vilumbrales
40.3779352,-3.7919471,Metro,Cuatro Vientos
40.3837137,-3.7840243,Metro,Aviación Española
40.3968629,-3.7747975,Metro,Colonia Jardín
40.4078351,-3.7531173,Metro,Batán
40.5054595,-3.6650971,Tram,Palas de Rey
40.4872436,-3.661223,Tram,Virgen del Cortijo
40.4847805,-3.663109,Tram,Fuente de la Mora
40.4853643,-3.6537279,Tram,Antonio Saura
40.4891668,-3.6513796,Tram,Álvarez de Villaamil
40.4934862,-3.6558911,Tram,Blasco Ibáñez
40.4976043,-3.6584428,Tram,María Tudor
40.4022818,-3.7813011,Tram,Prado de la Vega
40.4072202,-3.7845032,Tram,Colonia de los Ángeles
40.4104269,-3.7875507,Tram,Prado del Rey
40.4157445,-3.7925931,Tram,Somosaguas Sur
40.4192936,-3.7987457,Tram,Somosaguas Centro
40.4230677,-3.8045876,Tram,Pozuelo Oeste
40.4305885,-3.8075282,Tram,Bélgica
40.4325414,-3.801613,Tram,Dos Castillas
40.4334436,-3.7951423,Tram,Campus de Somosaguas
40.4390885,-3.7930351,Tram,Avenida de Europa
40.4448182,-3.7911721,Tram,Berna
40.4078514,-3.9040061,Tram,Puerta de Boadilla
40.4059413,-3.8974147,Tram,Infante Don Luis
40.4051271,-3.8926422,Tram,Siglo XXI
40.4056393,-3.8856939,Tram,Nuevo Mundo
40.4071659,-3.8800807,Tram,Boadilla centro
40.4019726,-3.8793803,Tram,Ferial de Boadilla
40.3952888,-3.8643349,Tram,Cantabria
40.3950215,-3.8476925,Tram,Prado del Espino
40.3942024,-3.8380691,Tram,Ventorro del Cano
40.397938,-3.8357916,Tram,Montepríncipe
40.3987189,-3.816743,Tram,Retamares
40.3968818,-3.8038544,Tram,Cocheras
40.3945328,-3.7956821,Tram,Ciudad del Cine
40.3952581,-3.7899221,Tram,José Isbert
40.3970914,-3.783985,Tram,Ciudad de la Imagen
40.4474071,-3.8000647,Treno,Pozuelo
40.4942937,-3.867936,Treno,Las Rozas
40.2429919,-3.7038365,Treno,Pinto
40.3055087,-3.7075792,Treno,Getafe Industrial
40.3316317,-3.6993784,Treno,San Cristóbal Industrial
40.3421978,-3.6837517,Treno,San Cristóbal de los Ángeles
40.4743796,-3.8460693,Treno,Majadahonda
40.4485713,-3.7856257,Treno,Aravaca
40.3956027,-3.6785934,Treno,Méndez Álvaro
40.4818094,-3.6164188,Treno,Valdebebas
40.4924137,-3.5936402,Treno,Aeropuerto T4
40.3816333,-3.6680241,Treno,Asamblea de Madrid-Entrevías
40.4545802,-3.4795895,Treno,Torrejón de Ardoz
40.3820843,-3.624602,Treno,Vallecas
40.3871289,-3.6090858,Treno,Santa Eugenia
40.4010991,-3.5955517,Treno,Vicálvaro
40.4427379,-3.5341508,Treno,San Fernando
40.4638909,-3.4415393,Treno,Soto del Henares
40.4235572,-3.6028437,Metro,Las Rosas
40.2408397,-3.769477,Tram,Parla Centro
40.2441282,-3.7575029,Tram,Plaza de Toros
40.2347061,-3.7723674,Tram,Bulevar Sur
40.237973,-3.7506966,Tram,Polígono Industrial Ciudad de Parla
40.4292705,-3.7019295,Metro,Bilbao
40.3761663,-3.6560947,Treno,El Pozo
40.4042973,-3.6811007,Metro,Menéndez Pelayo
40.4803451,-3.3929927,Treno,La Garena
40.2410464,-3.7693581,Treno,Parla
40.3415173,-3.7115865,Treno,Villaverde Alto
40.3229593,-3.7273094,Treno,Las Margaritas Universidad
40.2882338,-3.7375055,Treno,Getafe Sector 3
40.5540616,-3.683493,Treno,Universidad Pontificia de Comillas
40.5473962,-3.6543921,Treno,Valdelasfuentes
40.4013961,-3.6748832,Metro,Pacífico
40.4078121,-3.6701194,Metro,Conde de Casal
40.3364492,-3.7405905,Metro,El Carrascal
40.4950833,-3.7256031,Metro,Pitis
40.4237334,-3.5610079,Treno,Coslada
40.4849618,-3.6631142,Treno,Fuente de la Mora
40.4450104,-3.6919655,Treno,Nuevos Ministerios
40.4059688,-3.6887662,Treno,Atocha-Cercanías
40.4056837,-3.6900187,Treno,Madrid-Puerta de Atocha
40.3408429,-3.7482479,Treno,Zarzaquemada
40.5438006,-3.7001897,Treno,Cantoblanco Universidad
40.491334,-3.5914693,Treno,T4
40.4944748,-3.5672079,Treno,T4S
40.3889298,-3.6777157,Treno,Estación de Mercancías Madrid - Abroñigal
40.4029561,-3.711976,Treno,Pirámides
40.4473507,-3.8002377,Treno,Estación de tren de Pozuelo
40.4653284,-3.8078481,Treno,El Barrial-Centro Comercial Pozuelo
40.4215987,-3.719032,Treno,Madrid-Príncipe Pío
40.4724591,-3.6822315,Treno,Madrid-Chamartín-Clara Campoamor
40.4261357,-3.6819294,Coworking,The Shed Coworking
40.4865427,-3.667063758148606,Coworking,CINK MANOTERAS
40.6129093,-3.7080018,Coworking,Cowork in Tres Cantos
40.4383005,-3.681563,Coworking,Cink Coworking Núñez de Balboa
40.3946746,-3.6893403,Coworking,AREA Coworking & Events
40.4357117,-3.6885382,Coworking,CINK CASTELLANA
40.4154623,-3.7242341,Coworking,Coworking space at 5 Paseo del Marqués de Monistrol
40.4625438,-3.6915402,Coworking,NOMAD COWORKING MADRID
40.42135,-3.7062215,Coworking,The Kool Hub
40.430547,-3.6939697,Coworking,Sharing Co. by Allô
40.4350563,-3.7194436,Coworking,OXYGEN WORKSPACE
40.4370929,-3.6886031,Coworking,Regus - Madrid Pinar-Salamanca District
40.4286343,-3.6889964,Coworking,"Regus - Madrid, Colon"
40.478165000000004,-3.687518608253792,Coworking,"Regus - Madrid, Torre de Cristal"
40.412837,-3.7194574,Coworking,"Spaces - Madrid, Spaces Rio"
40.4376079,-3.6787502,Coworking,"Spaces - Madrid, Spaces María de Molina"
40.4206552,-3.6930466,Coworking,"Spaces - Madrid, Paseo de Recoletos 5"
40.4384076,-3.6960546,Coworking,"Spaces - Madrid, Spaces Jose Abascal"
40.462669149999996,-3.6888300527398163,Coworking,"Spaces - Madrid, Spaces Castellana"
40.408458499999995,-3.6890537315319625,Coworking,"Spaces - Madrid, Retiro"
40.4305189,-3.6871052,Coworking,"Regus - Madrid, Ortega y Gasset"
40.485988,-3.66098,Coworking,"Regus - Madrid, Manoteras"
40.4597378,-3.6906421,Coworking,"Regus - Madrid, Cuzco"
40.4042469,-3.6898889,Coworking,"Spaces - Madrid, Atocha Estación"
40.4397072,-3.65152605242584,Coworking,"Regus - Madrid, Avenida America"
40.4357117,-3.6885382,Coworking,"Regus - Madrid, Castellana"
40.4375918,-3.6793841,Coworking,"Regus - Madrid, Maria de Molina"
40.4357117,-3.6885382,Coworking,"Spaces - Madrid, Paseo de la Castellana 81"
40.45163315,-3.6916166567812985,Coworking,Regus - Madrid Financial District - Torre Europa
40.4773044,-3.6345251,Coworking,"Spaces - Madrid, Via de los Poblados"
40.5801302,-3.905009269902913,Coworking,Bubble Center
40.4254915,-3.704628,Coworking,Espiritu23
40.4223363,-3.725652,Coworking,IMAGURU STARTUP HUB
40.3825586,-3.4147041,Coworking,Village
40.4127977,-3.6968114,Coworking,SmartUP Cowork
40.4277783,-3.659503,Coworking,thegarden.space
40.430851,-3.7191744,Coworking,Espacio Ucrania
40.38691,-3.723964,Coworking,Eslab ON Coworking
40.4888439,-3.6911478,Coworking,Urban Lab Madrid
40.4376642,-3.699407,Coworking,La COW
40.4026535,-3.6960427,Coworking,Dadú Estudio Agencia de Diseño y Comunicación en Madrid
40.4166656,-3.6988101,Coworking,Urban Campus Jerónimo Coworking
40.4251759,-3.695784,Coworking,OFFIPLACE
40.4028031,-3.8832789,Coworking,4worKs
40.1936793,-3.6799146,Coworking,WeWork Eloy Gonzalo 27
40.47100455,-3.871206232837465,Coworking,GoMadrid
40.4333123,-3.703982,Coworking,La Fabrica Quevedo
40.4367228,-3.638683,Coworking,Coworking Studio
40.4218628,-3.7043183,Coworking,Espacio Mood
40.4206788,-3.7179629,Coworking,Workcase
40.4097587,-3.6698469,Coworking,B2WORK Territorio Coworker
40.5358994,-3.6388801,Coworking,Bereloft
40.5075193,-3.3220209,Coworking,Colabora Coworking
40.4628041,-3.679722739706036,Coworking,ecoworking
40.3250222,-3.7662335,Coworking,El Patio
40.4055582,-3.6808985,Coworking,Freeland Innovation Center
40.432878,-3.6732198,Coworking,Community Coworking Madird
40.2123505,-3.5773078,Coworking,Veidimanna Protum
40.2568354,-3.2414919,Coworking,La Nave Coworking
40.3666548,-3.7567054,Coworking,La Manual
40.4279719,-3.6908462,Coworking,workClub Madrid
40.79231,-3.601232,Coworking,Coworking Puerta de la Sierra
40.4271498,-3.7082056,Coworking,La Fábrica de Cajas
40.4395559,-3.711067,Coworking,Coolworking
40.4362944,-3.7124075,Coworking,Agoralíngua Hub
40.4021229,-3.7086617,Coworking,Centro Negocios Pasillo Verde
40.4262352,-3.6806741,Coworking,A2 GARAGE
40.4431024,-3.6424036,Coworking,Atelier Solar
40.465308,-3.5923184,Coworking,BAHIA COWORKING
40.3950687,-3.6796204,Coworking,ClockWorking
40.4424971,-3.6710835,Coworking,Alustante Quince
40.4159786,-3.7016048,Coworking,GABINETE de Historia Natural
40.3832768,-3.7058932,Coworking,Espacio Oculto Madrid
40.4461596,-3.6734752,Coworking,garAJE Madrid
40.4203785,-3.7080769,Coworking,Work Lab Callao
40.4254714,-3.697424,Coworking,dcollab
40.4351641,-3.6733901,Coworking,Alzentro Coworking
40.3906561,-3.6949767,Coworking,Arbos9 Centro de Negocios
40.4630342,-3.6901613,Coworking,Unifortia
40.6978972,-3.9328409,Coworking,ValleInnova CCEM
40.4252678,-3.6822433,Coworking,Coworking & Business Place
40.55821845,-3.6275901540764783,Coworking,Help4u
40.5570199,-3.6191504,Coworking,KIUBspace
40.488316,-3.671116,Coworking,EspacioA4
40.4028842,-3.6635457,Coworking,OMNIVOROS
40.555133,-3.3280493,Coworking,Cowork Pozuelo
40.3689874,-3.7430421,Coworking,Fres-Cow
40.4214675,-3.7036979,Coworking,cool inquieto
40.3232279,-3.7512389,Coworking,OPEN SPACE MADRID
40.436316,-3.8122696,Coworking,Izada
40.4093218,-3.7145769,Coworking,Quinta del Sordo
40.4391646,-3.7109974,Coworking,Union Coworking
40.4386205,-3.6723369,Coworking,KUNlabori
40.4070908,-3.6979907,Coworking,LANAU ESPACIO CREATIVO
40.4260389,-3.7037389,Coworking,La Industrial
40.4317525,-3.696011,Coworking,EIE City
40.4424151,-3.8456171,Coworking,E-WORKS
40.4123846,-3.7079341,Coworking,Toledo 46 Center
40.472778,-3.6302597,Coworking,COWORKING DARWINIANS
40.5577754,-3.6390423,Coworking,Aderal Branding
40.4484573,-3.6926146,Coworking,WeWork Paseo De La Castellana 77
40.4354217,-3.6895294,Coworking,WeWork Paseo de la Castellana 43
40.4445472,-3.698752,Coworking,Coworking Ponzano
40.465928,-3.6906199,Coworking,La Fabrica Plaza de Castilla
40.4555318,-3.6937222,Coworking,La Fabrica Cuzco
40.4504633,-3.6927753,Coworking,Impact Hub Picasso
40.42135,-3.7062215,Coworking,Kool · The Retail Hub
40.4218156,-3.6899763,Coworking,The Star Coworking
40.3973524,-3.6998001,Coworking,El coworking de Altamarea
40.424257,-3.7069895,Coworking,walkers appeal
40.4262147,-3.7080794,Coworking,San Vicente Ferrer
40.4333902,-3.6271034,Coworking,LBK99 AVALON
40.4405425,-3.6325956,Coworking,Tampico34
40.4070273,-3.6937578,Coworking,WorkCo
40.42914825,-3.700746479491648,Coworking,Coworking Glorieta de Bilbao
40.4165456,-3.6983085,Coworking,"Spaces - Madrid, San Jerónimo Palacio Miraflores"
40.4248333,-3.681052043148174,Coworking,WeWork Calle de Goya 36
40.427941000000004,-3.691707457513979,Coworking,"WeWork Calle De Fernando El Santo, 20"
40.4696933,-3.6964599,Coworking,Coworking space on Avenida Asturias
